condition,algo,safe,reward_mean,reward_se,vio_mean,vio_se,n
nonstationary,dqn,off,14.987086027631342,0.31695905782628253,0.022322424242424244,0.00229116522938794,3
nonstationary,ppo,off,16.136922031999998,0.02283136617014884,0.01151446906887755,0.0001519718893974467,3
nonstationary,sac,off,21.990784164335665,15.999696036343199,1.3345500084824517e-05,1.093850222894531e-05,3
stationary,dqn,off,15.163565072860118,0.35620448716183406,0.019353333333333333,0.0015781881313005044,3
stationary,ppo,off,16.195691434,0.004591903779908934,0.01056447969812925,6.624571732561118e-05,3
stationary,sac,off,39.677458993407235,17.6596132085193,5e-06,2.8867513459481293e-06,3
